Média,Mediana,Moda,Maior Consumo,Menor Consumo
547475.4056771353,123447.869,12.0,8262566.295999999,-685.35
