Classe,Desvio,P25,P50,P75
Comercial,749083.1484754903,11028.75,90102.0,518561.7004999999
Industrial,1486333.8989935608,31840.17025,319876.6965,1069819.25
Outros,423792.5393135822,12386.0,94758.876,371240.0
Residencial,1552201.3061770035,83844.0,239478.0,1330298.0
Rural,235654.5227288037,2724.28175,22453.8295,266219.967
