Regiao,Desvio,P25,P50,P75
Centro-Oeste,284049.49000552046,885.0,68859.11200000001,351969.0
Nordeste,501688.2270399433,642.0,65990.60399999999,464565.87375
Norte,226644.47202268188,18967.9965,57417.177,154714.5
Sudeste,2132723.379450759,364600.0,1441799.005,3271565.143
Sul,672882.0316509259,283703.069,595743.0,1192630.574
